"Create new topic"
"Question","Correct Answer","Incorrect Answer","Incorrect Answer","Incorrect Answer"
"Question","Correct Answer","Incorrect Answer","Incorrect Answer","Incorrect Answer"
"Question","Correct Answer","Incorrect Answer","Incorrect Answer","Incorrect Answer"
"Question","Correct Answer","Incorrect Answer","Incorrect Answer","Incorrect Answer"
"Question","Correct Answer","Incorrect Answer","Incorrect Answer","Incorrect Answer"
"Question","Correct Answer","Incorrect Answer","Incorrect Answer","Incorrect Answer"
"Question","Correct Answer","Incorrect Answer","Incorrect Answer","Incorrect Answer"
"Question","Correct Answer","Incorrect Answer","Incorrect Answer","Incorrect Answer"
"Question","Correct Answer","Incorrect Answer","Incorrect Answer","Incorrect Answer"
"Question","Correct Answer","Incorrect Answer","Incorrect Answer","Incorrect Answer"
